{
  "logger": {
    "level": "debug",
    "timestamp": false
  },
  "dbclient": {
    "hosts": [
      {
        "protocol": "http",
        "host": "opensearch",
        "port": 9200
      }
    ],
    "engine": "opensearch"
  },
  "opensearch": {
    "settings": {
      "index": {
        "refresh_interval": "10s",
        "number_of_replicas": "0",
        "number_of_shards": "4"
      }
    }
  },
  "acceptance-tests": {
    "endpoints": {
      "docker": "http://api:4000/v1/"
    }
  },
  "api": {
    "services": {
      "pip": {
        "url": "http://pip:4200"
      },
      "libpostal": {
        "url": "http://libpostal:4400"
      },
      "placeholder": {
        "url": "http://placeholder:4100"
      },
      "interpolation": {
        "url": "http://interpolation:4300"
      }
    }
  },
  "imports": {
    "adminLookup": {
      "enabled": true
    },
    "csv": {
      "datapath": "/data/csv",
      "files": [],
      "download": []
    },
    "geonames": {
      "datapath": "/data/geonames",
      "countryCode": "US"
    },
    "openstreetmap": {
      "download": [
        {
          "sourceURL": "https://data.geocode.earth/archive/portland-metro/2022-06-20/portland_oregon.osm.pbf"
        }
      ],
      "leveldbpath": "/tmp",
      "datapath": "/data/openstreetmap",
      "import": [
        {
          "filename": "portland_oregon.osm.pbf"
        }
      ]
    },
    "openaddresses": {
      "datapath": "/data/openaddresses",
      "files": [
        "ca/ab/airdrie",
        "ca/ab/calgary",
        "ca/ab/city_of_airdrie",
        "ca/ab/city_of_banff",
        "ca/ab/city_of_black_diamond",
        "ca/ab/city_of_canmore",
        "ca/ab/city_of_chestermere",
        "ca/ab/city_of_cochrane",
        "ca/ab/city_of_edmonton",
        "ca/ab/city_of_lethbridge",
        "ca/ab/city_of_medicine_hat",
        "ca/ab/city_of_red_deer",
        "ca/ab/city_of_turner_valley",
        "ca/ab/grande_prairie",
        "ca/ab/province",
        "ca/ab/strathcona-county",
        "ca/bc/capital-regional-district",
        "ca/bc/city_of_burnaby",
        "ca/bc/city_of_coquitlam",
        "ca/bc/city_of_kelowna",
        "ca/bc/city_of_new_westminster",
        "ca/bc/city_of_saanich",
        "ca/bc/city_of_west_kelowna",
        "ca/bc/columbia-shuswap",
        "ca/bc/cowichan_valley",
        "ca/bc/east_kootenay",
        "ca/bc/kamloops",
        "ca/bc/kelowna",
        "ca/bc/langley",
        "ca/bc/nanaimo",
        "ca/bc/north_cowichan",
        "ca/bc/prince_george",
        "ca/bc/province",
        "ca/bc/sunshine_coast",
        "ca/bc/thompson-nicola-regional-district",
        "ca/bc/vancouver",
        "ca/bc/vernon",
        "ca/bc/victoria",
        "ca/bc/west_kelowna",
        "ca/mb/brandon",
        "ca/mb/city_of_steinbach",
        "ca/mb/city_of_winnipeg",
        "ca/mb/province",
        "ca/nb/city_of_fredericton",
        "ca/nb/city_of_moncton",
        "ca/nb/city_of_st_john",
        "ca/nb/province",
        "ca/ns/halifax",
        "ca/ns/province",
        "ca/nt/city_of_yellow_knife",
        "ca/on/adelaide",
        "ca/on/amherstburg",
        "ca/on/belleville",
        "ca/on/brant",
        "ca/on/bruce",
        "ca/on/chatham_kent",
        "ca/on/city_of_ajax",
        "ca/on/city_of_barrie",
        "ca/on/city_of_brampton",
        "ca/on/city_of_burlington",
        "ca/on/city_of_cambridge",
        "ca/on/city_of_guelph",
        "ca/on/city_of_hamilton",
        "ca/on/city_of_hanover",
        "ca/on/city_of_kingston",
        "ca/on/city_of_kitchener",
        "ca/on/city_of_niagara_falls",
        "ca/on/city_of_oakville",
        "ca/on/city_of_ottawa",
        "ca/on/city_of_pickering",
        "ca/on/city_of_sault_ste_marie",
        "ca/on/city_of_thunder_bay",
        "ca/on/city_of_toronto",
        "ca/on/city_of_welland",
        "ca/on/city_of_windsor",
        "ca/on/cobourg",
        "ca/on/couchicing",
        "ca/on/dufferin",
        "ca/on/elgin",
        "ca/on/essex",
        "ca/on/grey",
        "ca/on/grey_dufferin",
        "ca/on/haldimand",
        "ca/on/haliburton",
        "ca/on/halton",
        "ca/on/hastings",
        "ca/on/lambton",
        "ca/on/lasalle",
        "ca/on/leeds_grenville",
        "ca/on/lennoxaddington",
        "ca/on/lucan_biddulph",
        "ca/on/middlesex_centre",
        "ca/on/muskoka",
        "ca/on/newbury",
        "ca/on/niagara_region",
        "ca/on/norfolk",
        "ca/on/north_glengarry",
        "ca/on/north_middlesex",
        "ca/on/northumberland",
        "ca/on/oxford",
        "ca/on/parry_sound",
        "ca/on/peel-region",
        "ca/on/perth",
        "ca/on/peterborough",
        "ca/on/prescott_russell",
        "ca/on/prince_edward",
        "ca/on/quinte_west",
        "ca/on/rainy_river",
        "ca/on/renfrew",
        "ca/on/seguin",
        "ca/on/seine_river",
        "ca/on/simcoe",
        "ca/on/southwest-middlesex",
        "ca/on/stormont_dundas_glengarry",
        "ca/on/stratford",
        "ca/on/strathroy-caradoc",
        "ca/on/thames_centre",
        "ca/on/town_of_oakville",
        "ca/on/township_of_durham",
        "ca/on/waterloo",
        "ca/on/west_parry_sound_district",
        "ca/on/york",
        "ca/pe/province",
        "ca/qc/gatineau",
        "ca/qc/laval",
        "ca/qc/longueuil",
        "ca/qc/montreal",
        "ca/qc/rimouski",
        "ca/qc/rouyn-noranda",
        "ca/sk/moosejaw",
        "ca/sk/regina",
        "ca/sk/saskatoon",
        "ca/yt/whitehorse",
        "mx/agu/statewide",
        "mx/bcn/statewide",
        "mx/bcs/statewide",
        "mx/cam/statewide",
        "mx/chh/statewide",
        "mx/chp/statewide",
        "mx/cmx/statewide",
        "mx/coa/statewide",
        "mx/col/statewide",
        "mx/countrywide",
        "mx/dur/statewide",
        "mx/gro/statewide",
        "mx/gua/statewide",
        "mx/hid/statewide",
        "mx/jal/statewide",
        "mx/mex/statewide",
        "mx/mic/statewide",
        "mx/mor/statewide",
        "mx/nay/statewide",
        "mx/nle/statewide",
        "mx/oax/statewide",
        "mx/pue/statewide",
        "mx/que/statewide",
        "mx/roo/statewide",
        "mx/sin/statewide",
        "mx/slp/statewide",
        "mx/son/statewide",
        "mx/tab/statewide",
        "mx/tam/statewide",
        "mx/tla/statewide",
        "mx/ver/statewide",
        "mx/yuc/statewide",
        "mx/zac/statewide",
        "us/ak/anchorage",
        "us/ak/city_of_juneau",
        "us/ak/fairbanks_north_star_borough",
        "us/ak/haines",
        "us/ak/kenai_peninsula_borough",
        "us/ak/ketchikan",
        "us/ak/kodiak_island_borough",
        "us/ak/matanuska_susitna_borough",
        "us/ak/yakutat_borough",
        "us/al/autauga",
        "us/al/baldwin",
        "us/al/bibb",
        "us/al/blount",
        "us/al/bullock",
        "us/al/calhoun",
        "us/al/city_of_auburn",
        "us/al/city_of_huntsville",
        "us/al/city_of_mobile",
        "us/al/city_of_robertsdale",
        "us/al/colbert",
        "us/al/cullman",
        "us/al/elmore",
        "us/al/etowah",
        "us/al/franklin",
        "us/al/houston",
        "us/al/jackson",
        "us/al/jefferson",
        "us/al/lauderdale",
        "us/al/lawrence",
        "us/al/limestone",
        "us/al/madison",
        "us/al/marengo",
        "us/al/marshall",
        "us/al/montgomery",
        "us/al/morgan",
        "us/al/pickens",
        "us/al/pike",
        "us/al/shelby",
        "us/al/st_clair",
        "us/al/talladega",
        "us/al/tuscaloosa",
        "us/al/washington",
        "us/ar/boone",
        "us/ar/city_of_fayetteville",
        "us/ar/statewide",
        "us/az/city_of_flagstaff",
        "us/az/city_of_gilbert",
        "us/az/city_of_glendale",
        "us/az/city_of_mesa",
        "us/az/city_of_scottsdale",
        "us/az/cochise",
        "us/az/coconino",
        "us/az/gila",
        "us/az/maricopa",
        "us/az/mohave",
        "us/az/pima",
        "us/az/pinal",
        "us/az/santa_cruz",
        "us/az/yavapai",
        "us/az/yuma",
        "us/ca/alameda",
        "us/ca/amador",
        "us/ca/berkeley",
        "us/ca/butte",
        "us/ca/calaveras",
        "us/ca/city_of_anaheim",
        "us/ca/city_of_bakersfield",
        "us/ca/city_of_carson",
        "us/ca/city_of_cupertino",
        "us/ca/city_of_elk_grove",
        "us/ca/city_of_hayward",
        "us/ca/city_of_irvine",
        "us/ca/city_of_long_beach",
        "us/ca/city_of_los_angeles",
        "us/ca/city_of_manteca",
        "us/ca/city_of_mountain_view",
        "us/ca/city_of_orange",
        "us/ca/city_of_palo_alto",
        "us/ca/city_of_rancho_cucamonga",
        "us/ca/city_of_riverside",
        "us/ca/city_of_roseville",
        "us/ca/city_of_san_jose",
        "us/ca/city_of_san_luis_obispo",
        "us/ca/city_of_santa_cruz",
        "us/ca/city_of_sunnyvale",
        "us/ca/city_of_temecula",
        "us/ca/city_of_visalia",
        "us/ca/colusa",
        "us/ca/contra_costa",
        "us/ca/del_norte",
        "us/ca/el_dorado",
        "us/ca/fresno",
        "us/ca/glenn",
        "us/ca/humboldt",
        "us/ca/inyo",
        "us/ca/kern",
        "us/ca/kings",
        "us/ca/lake",
        "us/ca/lassen",
        "us/ca/los_angeles",
        "us/ca/madera",
        "us/ca/marin",
        "us/ca/mendocino",
        "us/ca/merced",
        "us/ca/mono",
        "us/ca/monterey",
        "us/ca/napa",
        "us/ca/nevada",
        "us/ca/orange",
        "us/ca/placer",
        "us/ca/plumas",
        "us/ca/riverside",
        "us/ca/sacramento",
        "us/ca/san_benito",
        "us/ca/san_bernardino",
        "us/ca/san_diego",
        "us/ca/san_francisco",
        "us/ca/san_joaquin",
        "us/ca/san_luis_obispo",
        "us/ca/san_mateo",
        "us/ca/santa_barbara",
        "us/ca/santa_clara",
        "us/ca/santa_cruz",
        "us/ca/shasta",
        "us/ca/siskiyou",
        "us/ca/solano",
        "us/ca/sonoma",
        "us/ca/stanislaus",
        "us/ca/sutter",
        "us/ca/tehama",
        "us/ca/trinity",
        "us/ca/tulare",
        "us/ca/tuolumne",
        "us/ca/ventura",
        "us/ca/yolo",
        "us/ca/yuba",
        "us/co/adams",
        "us/co/arapahoe",
        "us/co/archuleta",
        "us/co/boulder",
        "us/co/broomfield",
        "us/co/city_of_arvada",
        "us/co/city_of_aurora",
        "us/co/city_of_boulder",
        "us/co/city_of_commerce_city",
        "us/co/city_of_erie",
        "us/co/city_of_fort_collins",
        "us/co/city_of_greeley",
        "us/co/city_of_loveland",
        "us/co/city_of_vail",
        "us/co/city_of_westminster",
        "us/co/clear_creek",
        "us/co/conejos",
        "us/co/delta",
        "us/co/denver",
        "us/co/douglas",
        "us/co/eagle",
        "us/co/el_paso",
        "us/co/fremont",
        "us/co/garfield",
        "us/co/gilpin",
        "us/co/grand",
        "us/co/gunnison",
        "us/co/jefferson",
        "us/co/la_plata",
        "us/co/larimer",
        "us/co/logan",
        "us/co/mesa",
        "us/co/mineral",
        "us/co/moffat",
        "us/co/montezuma",
        "us/co/montrose",
        "us/co/morgan",
        "us/co/park",
        "us/co/pitkin",
        "us/co/pueblo",
        "us/co/rio_blanco",
        "us/co/routt",
        "us/co/sanmiguel",
        "us/co/sedgwick",
        "us/co/statewide",
        "us/co/summit",
        "us/co/teller",
        "us/co/washington",
        "us/co/weld",
        "us/ct/city_of_bridgeport",
        "us/ct/city_of_haddam",
        "us/ct/city_of_hamden",
        "us/ct/city_of_hartford",
        "us/ct/city_of_lyme",
        "us/ct/city_of_manchester",
        "us/ct/city_of_milford",
        "us/ct/city_of_new_britain",
        "us/ct/city_of_new_haven",
        "us/ct/city_of_norwalk",
        "us/ct/city_of_stamford",
        "us/ct/city_of_stonington",
        "us/ct/city_of_stratford",
        "us/ct/city_of_waterbury",
        "us/ct/city_of_watertown",
        "us/ct/statewide",
        "us/ct/town_of_avon",
        "us/ct/town_of_easton_monroe",
        "us/ct/town_of_fairfield",
        "us/ct/town_of_groton",
        "us/ct/town_of_trumbull",
        "us/dc/statewide",
        "us/de/kent",
        "us/de/new_castle",
        "us/de/sussex",
        "us/fl/_loveland",
        "us/fl/alachua",
        "us/fl/bay",
        "us/fl/brevard",
        "us/fl/broward",
        "us/fl/charlotte",
        "us/fl/citrus",
        "us/fl/city_of_fort_lauderdale",
        "us/fl/city_of_gainesville",
        "us/fl/city_of_key_biscayne",
        "us/fl/city_of_lakeland",
        "us/fl/city_of_pinellas_park",
        "us/fl/city_of_west_palm_beach",
        "us/fl/clay",
        "us/fl/collier",
        "us/fl/desoto",
        "us/fl/duval",
        "us/fl/escambia",
        "us/fl/flagler",
        "us/fl/gulf",
        "us/fl/hernando",
        "us/fl/highlands",
        "us/fl/hillsborough",
        "us/fl/indian_river",
        "us/fl/lake",
        "us/fl/lee",
        "us/fl/leon",
        "us/fl/manatee",
        "us/fl/marion",
        "us/fl/martin",
        "us/fl/miami",
        "us/fl/nassau",
        "us/fl/okaloosa",
        "us/fl/orange_county",
        "us/fl/osceola",
        "us/fl/palm_beach_county",
        "us/fl/pasco",
        "us/fl/pinellas",
        "us/fl/putnam",
        "us/fl/santa_rosa",
        "us/fl/sarasota",
        "us/fl/seminole",
        "us/fl/st-johns",
        "us/fl/st-lucie",
        "us/fl/statewide",
        "us/fl/sumter",
        "us/fl/volusia",
        "us/fl/walton",
        "us/ga/appling",
        "us/ga/atkinson",
        "us/ga/bacon",
        "us/ga/bartow",
        "us/ga/ben_hill",
        "us/ga/berrien",
        "us/ga/bibb",
        "us/ga/bleckley",
        "us/ga/brantley",
        "us/ga/brooks",
        "us/ga/bryan",
        "us/ga/burke",
        "us/ga/calhoun",
        "us/ga/camden",
        "us/ga/candler",
        "us/ga/carroll",
        "us/ga/charlton",
        "us/ga/chatham",
        "us/ga/cherokee",
        "us/ga/city_of_alma",
        "us/ga/city_of_alpharetta",
        "us/ga/city_of_atlanta",
        "us/ga/city_of_brookhaven",
        "us/ga/city_of_johns_creek",
        "us/ga/city_of_marietta",
        "us/ga/city_of_sandy_springs",
        "us/ga/city_of_savannah",
        "us/ga/clarke",
        "us/ga/clayton",
        "us/ga/clinch",
        "us/ga/cobb",
        "us/ga/coffee",
        "us/ga/colquitt",
        "us/ga/columbia",
        "us/ga/cook",
        "us/ga/coweta",
        "us/ga/dekalb",
        "us/ga/dooly",
        "us/ga/dougherty",
        "us/ga/douglas",
        "us/ga/early",
        "us/ga/echols",
        "us/ga/evans",
        "us/ga/fayette",
        "us/ga/forsyth",
        "us/ga/fulton",
        "us/ga/glynn",
        "us/ga/gordon",
        "us/ga/gwinnett",
        "us/ga/habersham",
        "us/ga/hall",
        "us/ga/harris",
        "us/ga/heard",
        "us/ga/henry",
        "us/ga/houston",
        "us/ga/irwin",
        "us/ga/jackson",
        "us/ga/jefferson",
        "us/ga/johnson",
        "us/ga/jones",
        "us/ga/lanier",
        "us/ga/laurens",
        "us/ga/lee",
        "us/ga/liberty",
        "us/ga/long",
        "us/ga/lowndes",
        "us/ga/lumpkin",
        "us/ga/macon",
        "us/ga/mcintosh",
        "us/ga/miller",
        "us/ga/mitchell",
        "us/ga/montgomery",
        "us/ga/muscogee",
        "us/ga/newton",
        "us/ga/paulding",
        "us/ga/pierce",
        "us/ga/quitman",
        "us/ga/randolph",
        "us/ga/richmond",
        "us/ga/schley",
        "us/ga/seminole",
        "us/ga/stewart",
        "us/ga/sumter",
        "us/ga/tattnall",
        "us/ga/telfair",
        "us/ga/thomas",
        "us/ga/tift",
        "us/ga/toombs",
        "us/ga/troup",
        "us/ga/turner",
        "us/ga/twiggs",
        "us/ga/ware",
        "us/ga/wheeler",
        "us/ga/whitfield",
        "us/ga/wilkinson",
        "us/ga/worth",
        "us/hi/honolulu",
        "us/hi/kauai",
        "us/hi/maui",
        "us/ia/adair",
        "us/ia/benton",
        "us/ia/boone",
        "us/ia/bremer",
        "us/ia/buchanan",
        "us/ia/buena_vista",
        "us/ia/calhoun",
        "us/ia/carroll",
        "us/ia/cass",
        "us/ia/cherokee",
        "us/ia/clarke",
        "us/ia/clay",
        "us/ia/crawford",
        "us/ia/dallas",
        "us/ia/decatur",
        "us/ia/delaware",
        "us/ia/des_moines",
        "us/ia/dickinson",
        "us/ia/dubuque",
        "us/ia/emmet",
        "us/ia/franklin",
        "us/ia/fremont",
        "us/ia/greene",
        "us/ia/guthrie",
        "us/ia/hamilton",
        "us/ia/hardin",
        "us/ia/harrison",
        "us/ia/howard",
        "us/ia/humboldt",
        "us/ia/ida",
        "us/ia/jasper",
        "us/ia/johnson",
        "us/ia/kossuth",
        "us/ia/linn",
        "us/ia/lucas",
        "us/ia/lyon",
        "us/ia/madison",
        "us/ia/marion",
        "us/ia/marshall",
        "us/ia/mills",
        "us/ia/monona",
        "us/ia/monroe",
        "us/ia/montgomery",
        "us/ia/palo_alto",
        "us/ia/pocahontas",
        "us/ia/polk",
        "us/ia/pottawattamie",
        "us/ia/sac",
        "us/ia/shelby",
        "us/ia/sioux",
        "us/ia/story",
        "us/ia/webster",
        "us/ia/winnebago",
        "us/ia/winneshiek",
        "us/ia/wright",
        "us/id/ada",
        "us/id/bannock",
        "us/id/bingham",
        "us/id/blaine",
        "us/id/bonner",
        "us/id/bonneville",
        "us/id/canyon",
        "us/id/city_of_boise",
        "us/id/clearwater",
        "us/id/custer",
        "us/id/fremont",
        "us/id/jefferson",
        "us/id/kootenai",
        "us/id/latah",
        "us/id/lemhi",
        "us/id/madison",
        "us/id/nez_perce",
        "us/id/post_falls",
        "us/id/teton",
        "us/il/adams",
        "us/il/boone",
        "us/il/champaign",
        "us/il/christian",
        "us/il/city-of-ofallon",
        "us/il/city_of_aurora",
        "us/il/city_of_chicago",
        "us/il/city_of_east_peoria",
        "us/il/city_of_evanston",
        "us/il/city_of_naperville",
        "us/il/city_of_schaumburg",
        "us/il/city_of_west_peoria",
        "us/il/clark",
        "us/il/coles",
        "us/il/cook",
        "us/il/cumberland",
        "us/il/douglas",
        "us/il/dupage",
        "us/il/effingham",
        "us/il/henry",
        "us/il/jackson",
        "us/il/jersey",
        "us/il/kane",
        "us/il/kankakee",
        "us/il/kendall",
        "us/il/knox",
        "us/il/lake",
        "us/il/lawrence",
        "us/il/lee",
        "us/il/logan",
        "us/il/macon",
        "us/il/macoupin",
        "us/il/massac",
        "us/il/mcdonough",
        "us/il/mchenry",
        "us/il/mclean",
        "us/il/menard",
        "us/il/morgan",
        "us/il/moultrie",
        "us/il/peoria",
        "us/il/piatt",
        "us/il/putnam",
        "us/il/randolph",
        "us/il/schuyler",
        "us/il/shelby",
        "us/il/st_clair",
        "us/il/stephenson",
        "us/il/tazewell",
        "us/il/vermilion",
        "us/il/white",
        "us/il/whiteside",
        "us/il/will",
        "us/il/williamson",
        "us/il/winnebago",
        "us/il/woodford",
        "us/in/adams",
        "us/in/allen",
        "us/in/delaware",
        "us/in/hamilton",
        "us/in/lake",
        "us/in/madison",
        "us/in/marion_county",
        "us/in/porter",
        "us/in/st_joseph",
        "us/in/tippecanoe",
        "us/ks/allen_county",
        "us/ks/anderson_county",
        "us/ks/atchison_county",
        "us/ks/barber_county",
        "us/ks/barton_county",
        "us/ks/bourbon_county",
        "us/ks/brown_county",
        "us/ks/butler",
        "us/ks/chautauqua_county",
        "us/ks/cheyenne_county",
        "us/ks/city_of_lawrence",
        "us/ks/city_of_lenexa",
        "us/ks/city_of_olathe",
        "us/ks/city_of_salina",
        "us/ks/city_of_wichita",
        "us/ks/coffey_county",
        "us/ks/cowley_county",
        "us/ks/crawford_county",
        "us/ks/dickinson_county",
        "us/ks/doniphan_county",
        "us/ks/douglas",
        "us/ks/edwards_county",
        "us/ks/elk_county",
        "us/ks/franklin_county",
        "us/ks/geary_county",
        "us/ks/greenwood_county",
        "us/ks/harper_county",
        "us/ks/harvey_county",
        "us/ks/jackson_county",
        "us/ks/jefferson_county",
        "us/ks/johnson_county",
        "us/ks/kearny_county",
        "us/ks/kingman_county",
        "us/ks/lane_county",
        "us/ks/linn_county",
        "us/ks/marion_county",
        "us/ks/meade_county",
        "us/ks/nemaha_county",
        "us/ks/osage_county",
        "us/ks/pawnee_county",
        "us/ks/pottawatomie_county",
        "us/ks/reno_county",
        "us/ks/riley_county",
        "us/ks/rush_county",
        "us/ks/scott_county",
        "us/ks/shawnee_county",
        "us/ks/sumner_county",
        "us/ks/thomas_county",
        "us/ks/wabaunsee_county",
        "us/ky/boyd",
        "us/ky/campbell",
        "us/ky/city_of_owensboro",
        "us/ky/city_of_paducah",
        "us/ky/clark",
        "us/ky/franklin",
        "us/ky/hardin",
        "us/ky/henderson",
        "us/ky/jefferson",
        "us/ky/kenton",
        "us/ky/lexington-fayette",
        "us/ky/madison",
        "us/ky/mccracken",
        "us/ky/meade",
        "us/ky/oldham",
        "us/ky/pendleton",
        "us/ky/scott",
        "us/ky/shelby",
        "us/ky/warren",
        "us/la/ascension",
        "us/la/assumption",
        "us/la/beauregard",
        "us/la/bienville",
        "us/la/caddo",
        "us/la/city_of_alexandria",
        "us/la/city_of_bossier",
        "us/la/city_of_denham_springs",
        "us/la/city_of_new_iberia",
        "us/la/city_of_new_orleans",
        "us/la/claiborne",
        "us/la/concordia",
        "us/la/desoto",
        "us/la/east_baton_rouge_parish",
        "us/la/east_feliciana",
        "us/la/iberia",
        "us/la/jefferson_parish",
        "us/la/lafayette",
        "us/la/lincoln",
        "us/la/livingston",
        "us/la/natchitoches",
        "us/la/orleans_parish",
        "us/la/pointe_coupee",
        "us/la/rapides",
        "us/la/red_river_parish",
        "us/la/richland",
        "us/la/st_charles_parish",
        "us/la/st_james",
        "us/la/st_john_the_baptist_parish",
        "us/la/st_martin",
        "us/la/tangipahoa",
        "us/la/terrebonne",
        "us/la/washington",
        "us/la/webster",
        "us/la/west_feliciana",
        "us/ma/city_of_boston",
        "us/ma/city_of_cambridge",
        "us/ma/statewide",
        "us/ma/town_of_newton",
        "us/md/allegany",
        "us/md/anne_arundel",
        "us/md/baltimore",
        "us/md/carroll",
        "us/md/cecil",
        "us/md/city_of_baltimore",
        "us/md/city_of_rockville",
        "us/md/frederick",
        "us/md/garrett",
        "us/md/harford",
        "us/md/howard",
        "us/md/st_marys",
        "us/md/statewide",
        "us/me/statewide",
        "us/mi/benzie",
        "us/mi/city_of_coopersville",
        "us/mi/city_of_flint",
        "us/mi/city_of_monroe",
        "us/mi/city_of_rochester",
        "us/mi/city_of_tecumseh",
        "us/mi/eaton",
        "us/mi/emmet",
        "us/mi/genesee",
        "us/mi/grand_traverse",
        "us/mi/kent",
        "us/mi/macomb",
        "us/mi/mason",
        "us/mi/muskegon",
        "us/mi/newaygo",
        "us/mi/oakland",
        "us/mi/ottawa",
        "us/mi/semcog",
        "us/mi/st_clair",
        "us/mi/troy",
        "us/mi/washtenaw",
        "us/mi/wayne",
        "us/mn/aitkin",
        "us/mn/anoka",
        "us/mn/becker",
        "us/mn/beltrami",
        "us/mn/big_stone",
        "us/mn/carlton",
        "us/mn/carver",
        "us/mn/cass",
        "us/mn/chippewa",
        "us/mn/chisago",
        "us/mn/city_of_moorhead",
        "us/mn/clay",
        "us/mn/clearwater",
        "us/mn/cook",
        "us/mn/crow_wing",
        "us/mn/dakota",
        "us/mn/dodge",
        "us/mn/douglas",
        "us/mn/fillmore",
        "us/mn/goodhue",
        "us/mn/grant",
        "us/mn/hennepin",
        "us/mn/hubbard",
        "us/mn/itasca",
        "us/mn/kandiyohi",
        "us/mn/kittson",
        "us/mn/koochiching",
        "us/mn/lake_of_the_woods",
        "us/mn/marshall",
        "us/mn/mcleod",
        "us/mn/mille_lacs",
        "us/mn/norman",
        "us/mn/olmsted",
        "us/mn/otter_tail",
        "us/mn/pennington",
        "us/mn/polk",
        "us/mn/pope",
        "us/mn/ramsey",
        "us/mn/red_lake",
        "us/mn/renville",
        "us/mn/rice",
        "us/mn/roseau",
        "us/mn/scott",
        "us/mn/sherburne",
        "us/mn/sibley",
        "us/mn/st_louis",
        "us/mn/stearns",
        "us/mn/steele_rural",
        "us/mn/steele_urban",
        "us/mn/todd",
        "us/mn/wadena",
        "us/mn/waseca",
        "us/mn/washington",
        "us/mn/wilkin",
        "us/mn/yellow_medicine",
        "us/mo/bates",
        "us/mo/boone",
        "us/mo/buchanan",
        "us/mo/city_of_cape_girardeau",
        "us/mo/city_of_columbia",
        "us/mo/city_of_kansas_city",
        "us/mo/city_of_ofallon",
        "us/mo/city_of_perryville",
        "us/mo/city_of_st_louis",
        "us/mo/cole",
        "us/mo/greene",
        "us/mo/iron",
        "us/mo/jackson",
        "us/mo/jefferson",
        "us/mo/madison",
        "us/mo/osage",
        "us/mo/perry",
        "us/mo/saint_francois",
        "us/mo/scott",
        "us/mo/st_charles",
        "us/mo/st_louis",
        "us/mo/taney",
        "us/mo/vernon",
        "us/mo/washington",
        "us/ms/city_of_biloxi",
        "us/ms/city_of_diamondhead",
        "us/ms/city_of_diberville",
        "us/ms/city_of_gulfport",
        "us/ms/city_of_hattiesburg",
        "us/ms/city_of_ocean_springs",
        "us/ms/city_of_pascagoula",
        "us/ms/city_of_pelahatchie",
        "us/ms/city_of_vicksburg",
        "us/ms/copiah",
        "us/ms/desoto",
        "us/ms/hancock",
        "us/ms/harrison",
        "us/ms/hinds",
        "us/ms/jackson",
        "us/ms/lauderdale",
        "us/ms/pontotoc",
        "us/ms/rankin",
        "us/ms/simpson",
        "us/ms/warren",
        "us/ms/yazoo",
        "us/mt/beaverhead",
        "us/mt/big_horn",
        "us/mt/blaine",
        "us/mt/broadwater",
        "us/mt/carbon",
        "us/mt/carter",
        "us/mt/cascade",
        "us/mt/chouteau",
        "us/mt/custer",
        "us/mt/daniels",
        "us/mt/dawson",
        "us/mt/deer_lodge",
        "us/mt/fallon",
        "us/mt/fergus",
        "us/mt/flathead",
        "us/mt/gallatin",
        "us/mt/garfield",
        "us/mt/glacier",
        "us/mt/golden_valley",
        "us/mt/granite",
        "us/mt/helena",
        "us/mt/hill",
        "us/mt/jefferson",
        "us/mt/judith_basin",
        "us/mt/lake",
        "us/mt/liberty",
        "us/mt/lincoln",
        "us/mt/madison",
        "us/mt/mccone",
        "us/mt/meagher",
        "us/mt/mineral",
        "us/mt/missoula",
        "us/mt/musselshell",
        "us/mt/park",
        "us/mt/petroleum",
        "us/mt/phillips",
        "us/mt/pondera",
        "us/mt/powder_river",
        "us/mt/powell",
        "us/mt/prairie",
        "us/mt/ravalli",
        "us/mt/richland",
        "us/mt/roosevelt",
        "us/mt/rosebud",
        "us/mt/sanders",
        "us/mt/sheridan",
        "us/mt/silverbow",
        "us/mt/statewide",
        "us/mt/stillwater",
        "us/mt/sweet_grass",
        "us/mt/teton",
        "us/mt/toole",
        "us/mt/treasure",
        "us/mt/valley",
        "us/mt/wheatland",
        "us/mt/wibaux",
        "us/mt/yellowstone",
        "us/nc/alamance",
        "us/nc/alexander",
        "us/nc/alleghany",
        "us/nc/anson",
        "us/nc/ashe",
        "us/nc/avery",
        "us/nc/beaufort",
        "us/nc/bertie",
        "us/nc/bladen",
        "us/nc/blowing_rock",
        "us/nc/brunswick",
        "us/nc/buncombe",
        "us/nc/burke",
        "us/nc/cabarrus",
        "us/nc/caldwell",
        "us/nc/camden",
        "us/nc/carteret",
        "us/nc/cary",
        "us/nc/caswell",
        "us/nc/catawba",
        "us/nc/chatham",
        "us/nc/chowan",
        "us/nc/city_of_boone",
        "us/nc/city_of_carolina_beach",
        "us/nc/city_of_elizabeth_city",
        "us/nc/city_of_fuquay_varina",
        "us/nc/city_of_greensboro",
        "us/nc/city_of_king",
        "us/nc/city_of_salisbury",
        "us/nc/clay",
        "us/nc/cleveland",
        "us/nc/columbus",
        "us/nc/craven",
        "us/nc/cumberland",
        "us/nc/currituck",
        "us/nc/dare",
        "us/nc/davidson",
        "us/nc/davie",
        "us/nc/duplin",
        "us/nc/durham",
        "us/nc/ebci",
        "us/nc/edgecombe",
        "us/nc/forsyth",
        "us/nc/franklin",
        "us/nc/gaston",
        "us/nc/gates",
        "us/nc/graham",
        "us/nc/granville",
        "us/nc/greene",
        "us/nc/guilford",
        "us/nc/halifax",
        "us/nc/harnett",
        "us/nc/haywood",
        "us/nc/henderson",
        "us/nc/hertford",
        "us/nc/hoke",
        "us/nc/hyde",
        "us/nc/iredell",
        "us/nc/jackson",
        "us/nc/johnston",
        "us/nc/jones",
        "us/nc/lee",
        "us/nc/lenoir",
        "us/nc/lincoln",
        "us/nc/macon",
        "us/nc/madison",
        "us/nc/martin",
        "us/nc/mcdowell",
        "us/nc/mecklenburg",
        "us/nc/mitchell",
        "us/nc/montgomery",
        "us/nc/moore",
        "us/nc/nash",
        "us/nc/new_hanover",
        "us/nc/northampton",
        "us/nc/onslow",
        "us/nc/orange",
        "us/nc/pamlico",
        "us/nc/pasquotank",
        "us/nc/pender",
        "us/nc/perquimans",
        "us/nc/person",
        "us/nc/pitt",
        "us/nc/polk",
        "us/nc/randolph",
        "us/nc/richmond",
        "us/nc/robeson",
        "us/nc/rockingham",
        "us/nc/rowan",
        "us/nc/rutherford",
        "us/nc/sampson",
        "us/nc/scotland",
        "us/nc/stanly",
        "us/nc/statewide",
        "us/nc/stokes",
        "us/nc/surry",
        "us/nc/swain",
        "us/nc/town_of_chapel_hill",
        "us/nc/transylvania",
        "us/nc/tyrrell",
        "us/nc/union",
        "us/nc/vance",
        "us/nc/wake",
        "us/nc/warren",
        "us/nc/washington",
        "us/nc/watauga",
        "us/nc/wayne",
        "us/nc/wilkes",
        "us/nc/wilson",
        "us/nc/yadkin",
        "us/nc/yancey",
        "us/nd/bottineau",
        "us/nd/cass",
        "us/nd/city_of_bismarck",
        "us/nd/city_of_fargo",
        "us/nd/dickinson",
        "us/nd/golden_valley_county",
        "us/nd/grand_forks",
        "us/nd/mckenzie_county",
        "us/nd/morton",
        "us/nd/ramsey",
        "us/nd/richland",
        "us/nd/rolette",
        "us/nd/stark_county",
        "us/nd/stutsman",
        "us/nd/ward",
        "us/nd/williams",
        "us/ne/antelope",
        "us/ne/arthur",
        "us/ne/banner",
        "us/ne/blaine",
        "us/ne/boone",
        "us/ne/box_butte",
        "us/ne/brown",
        "us/ne/buffalo",
        "us/ne/burt",
        "us/ne/butler",
        "us/ne/cass",
        "us/ne/cedar",
        "us/ne/chase",
        "us/ne/cherry",
        "us/ne/cheyenne",
        "us/ne/clay",
        "us/ne/cuming",
        "us/ne/custer",
        "us/ne/dakota",
        "us/ne/dawes",
        "us/ne/dawson",
        "us/ne/deuel",
        "us/ne/dixon",
        "us/ne/douglas",
        "us/ne/fillmore",
        "us/ne/franklin",
        "us/ne/frontier",
        "us/ne/gage",
        "us/ne/garden",
        "us/ne/garfield",
        "us/ne/gosper",
        "us/ne/grant",
        "us/ne/greeley",
        "us/ne/hamilton",
        "us/ne/harlan",
        "us/ne/hayes",
        "us/ne/hitchcock",
        "us/ne/holt",
        "us/ne/hooker",
        "us/ne/howard",
        "us/ne/johnson",
        "us/ne/kearney",
        "us/ne/keith",
        "us/ne/keya_paha",
        "us/ne/kimball",
        "us/ne/knox",
        "us/ne/lancaster",
        "us/ne/lincoln",
        "us/ne/logan",
        "us/ne/madison",
        "us/ne/merrick",
        "us/ne/morrill",
        "us/ne/nance",
        "us/ne/nemaha",
        "us/ne/nuckolls",
        "us/ne/omaha",
        "us/ne/otoe",
        "us/ne/pawnee",
        "us/ne/perkins",
        "us/ne/phelps",
        "us/ne/pierce",
        "us/ne/platte",
        "us/ne/polk",
        "us/ne/red_willow",
        "us/ne/richardson",
        "us/ne/rock",
        "us/ne/saline",
        "us/ne/sarpy",
        "us/ne/seward",
        "us/ne/sheridan",
        "us/ne/sherman",
        "us/ne/sioux",
        "us/ne/stanton",
        "us/ne/thayer",
        "us/ne/thomas",
        "us/ne/thurston",
        "us/ne/valley",
        "us/ne/webster",
        "us/ne/york",
        "us/nh/city_of_auburn",
        "us/nh/city_of_hampstead",
        "us/nh/city_of_nashua",
        "us/nh/jaffrey",
        "us/nh/milford",
        "us/nh/statewide",
        "us/nj/bergen",
        "us/nj/cape_may",
        "us/nj/monmouth",
        "us/nj/morris",
        "us/nj/statewide",
        "us/nj/sussex",
        "us/nm/albuquerque",
        "us/nm/bernalillo",
        "us/nm/city_of_carlsbad",
        "us/nm/city_of_farmington",
        "us/nm/city_of_las_cruces",
        "us/nm/city_of_ruidoso",
        "us/nm/city_of_santa_fe",
        "us/nm/de_baca",
        "us/nm/dona_ana-2",
        "us/nm/dona_ana",
        "us/nm/eddy",
        "us/nm/lincoln",
        "us/nm/los_alamos",
        "us/nm/luna",
        "us/nm/san_juan",
        "us/nm/statewide",
        "us/nm/taos",
        "us/nm/torrance",
        "us/nm/valencia",
        "us/nv/carson_city",
        "us/nv/churchill",
        "us/nv/clark",
        "us/nv/douglas",
        "us/nv/elko",
        "us/nv/eureka",
        "us/nv/henderson",
        "us/nv/lander",
        "us/nv/las_vegas",
        "us/nv/lincoln",
        "us/nv/lyon",
        "us/nv/mineral",
        "us/nv/nye",
        "us/nv/pershing",
        "us/nv/storey",
        "us/nv/washoe",
        "us/ny/broome",
        "us/ny/city_of_new_york",
        "us/ny/city_of_rochester",
        "us/ny/erie",
        "us/ny/orange",
        "us/ny/statewide",
        "us/ny/sullivan",
        "us/ny/westchester",
        "us/oh/adams",
        "us/oh/allen",
        "us/oh/ashland",
        "us/oh/ashtabula",
        "us/oh/athens",
        "us/oh/auglaize",
        "us/oh/belmont",
        "us/oh/brown",
        "us/oh/butler",
        "us/oh/carroll",
        "us/oh/champaign",
        "us/oh/city_of_perrysburg",
        "us/oh/clark",
        "us/oh/clermont",
        "us/oh/clinton",
        "us/oh/columbiana",
        "us/oh/coshocton",
        "us/oh/crawford",
        "us/oh/cuyahoga",
        "us/oh/darke",
        "us/oh/defiance",
        "us/oh/delaware",
        "us/oh/erie",
        "us/oh/fairfield",
        "us/oh/fayette",
        "us/oh/franklin",
        "us/oh/fulton",
        "us/oh/gallia",
        "us/oh/geauga",
        "us/oh/greene",
        "us/oh/guernsey",
        "us/oh/hamilton",
        "us/oh/hancock",
        "us/oh/hardin",
        "us/oh/harrison",
        "us/oh/henry",
        "us/oh/highland",
        "us/oh/hocking",
        "us/oh/holmes",
        "us/oh/huron",
        "us/oh/jackson",
        "us/oh/jefferson",
        "us/oh/knox",
        "us/oh/lake",
        "us/oh/lawrence",
        "us/oh/licking",
        "us/oh/logan",
        "us/oh/lorain",
        "us/oh/lucas",
        "us/oh/madison",
        "us/oh/mahoning",
        "us/oh/marion",
        "us/oh/medina",
        "us/oh/meigs",
        "us/oh/mercer",
        "us/oh/miami",
        "us/oh/monroe",
        "us/oh/montgomery",
        "us/oh/morgan",
        "us/oh/morrow",
        "us/oh/muskingum",
        "us/oh/noble",
        "us/oh/ottawa",
        "us/oh/paulding",
        "us/oh/perry",
        "us/oh/pickaway",
        "us/oh/pike",
        "us/oh/portage",
        "us/oh/preble",
        "us/oh/putnam",
        "us/oh/richland",
        "us/oh/ross",
        "us/oh/sandusky",
        "us/oh/scioto",
        "us/oh/seneca",
        "us/oh/shelby",
        "us/oh/stark",
        "us/oh/summit",
        "us/oh/toledo",
        "us/oh/trumbull",
        "us/oh/tuscarawas",
        "us/oh/union",
        "us/oh/van_wert",
        "us/oh/vinton",
        "us/oh/warren",
        "us/oh/washington",
        "us/oh/wayne",
        "us/oh/williams",
        "us/oh/wood",
        "us/oh/wyandot",
        "us/ok/acog-counties",
        "us/ok/carter-county",
        "us/ok/city_of_lawton",
        "us/ok/city_of_muskogee",
        "us/ok/city_of_newcastle",
        "us/ok/city_of_norman",
        "us/ok/city_of_stillwater",
        "us/ok/oklahoma",
        "us/ok/rogers",
        "us/ok/tulsa",
        "us/ok/wagoner",
        "us/or/baker",
        "us/or/benton",
        "us/or/city_of_albany",
        "us/or/city_of_corvallis",
        "us/or/city_of_salem",
        "us/or/clackamas",
        "us/or/clatsop",
        "us/or/coos",
        "us/or/crook",
        "us/or/curry",
        "us/or/deschutes",
        "us/or/douglas",
        "us/or/grant",
        "us/or/gresham",
        "us/or/hood_river",
        "us/or/jackson",
        "us/or/jefferson",
        "us/or/josephine",
        "us/or/klamath",
        "us/or/lake",
        "us/or/lane",
        "us/or/linn",
        "us/or/malheur",
        "us/or/marion",
        "us/or/marion_and_polk",
        "us/or/multnomah",
        "us/or/oregon_city",
        "us/or/portland",
        "us/or/portland_metro",
        "us/or/sherman",
        "us/or/tillamook",
        "us/or/umatilla",
        "us/or/wasco",
        "us/or/washington",
        "us/or/wheeler",
        "us/or/yamhill",
        "us/pa/adams",
        "us/pa/allegheny",
        "us/pa/armstrong",
        "us/pa/beaver",
        "us/pa/bedford",
        "us/pa/berks",
        "us/pa/blair",
        "us/pa/bucks",
        "us/pa/butler",
        "us/pa/cambria",
        "us/pa/cameron",
        "us/pa/centre",
        "us/pa/chester",
        "us/pa/clearfield",
        "us/pa/clinton",
        "us/pa/columbia",
        "us/pa/crawford",
        "us/pa/cumberland",
        "us/pa/dauphin",
        "us/pa/elk",
        "us/pa/erie",
        "us/pa/fayette",
        "us/pa/forest",
        "us/pa/franklin",
        "us/pa/fulton",
        "us/pa/greene",
        "us/pa/huntingdon",
        "us/pa/juniata",
        "us/pa/lackawanna",
        "us/pa/lancaster",
        "us/pa/lawrence",
        "us/pa/lehigh",
        "us/pa/lycoming",
        "us/pa/mckean",
        "us/pa/mercer",
        "us/pa/mifflin",
        "us/pa/monroe",
        "us/pa/montour",
        "us/pa/northampton",
        "us/pa/northumberland",
        "us/pa/perry",
        "us/pa/philadelphia",
        "us/pa/pike",
        "us/pa/potter",
        "us/pa/snyder",
        "us/pa/somerset",
        "us/pa/sullivan",
        "us/pa/tioga",
        "us/pa/union",
        "us/pa/venango",
        "us/pa/wayne",
        "us/pa/wyoming",
        "us/pa/york",
        "us/pr/statewide",
        "us/ri/city_of_cranston",
        "us/ri/providence",
        "us/ri/statewide",
        "us/sc/aiken",
        "us/sc/anderson",
        "us/sc/beaufort",
        "us/sc/berkeley",
        "us/sc/calhoun",
        "us/sc/charleston",
        "us/sc/chesterfield",
        "us/sc/city_of_charleston",
        "us/sc/city_of_rock_hill",
        "us/sc/city_of_spartanburg",
        "us/sc/city_of_summerville",
        "us/sc/colleton",
        "us/sc/darlington",
        "us/sc/dorchester",
        "us/sc/florence",
        "us/sc/georgetown",
        "us/sc/greenville",
        "us/sc/greenwood",
        "us/sc/hilton_head_island",
        "us/sc/horry",
        "us/sc/jasper",
        "us/sc/laurens",
        "us/sc/lexington",
        "us/sc/newberry",
        "us/sc/oconee",
        "us/sc/orangeburg",
        "us/sc/pickens",
        "us/sc/saluda",
        "us/sc/sumter",
        "us/sc/union",
        "us/sc/york",
        "us/sd/city_of_sioux_falls",
        "us/sd/fall_river",
        "us/sd/lawrence",
        "us/sd/statewide",
        "us/tn/blount",
        "us/tn/cheatham",
        "us/tn/city_of_brentwood",
        "us/tn/city_of_chattanooga",
        "us/tn/city_of_johnson_city",
        "us/tn/city_of_memphis",
        "us/tn/city_of_murfreesboro",
        "us/tn/city_of_nashville",
        "us/tn/city_of_spring_hill",
        "us/tn/franklin",
        "us/tn/hamilton",
        "us/tn/jefferson",
        "us/tn/maury",
        "us/tn/montgomery",
        "us/tn/putnam",
        "us/tn/rutherford",
        "us/tn/sevier",
        "us/tn/shelby",
        "us/tn/statewide",
        "us/tn/williamson",
        "us/tx/anderson",
        "us/tx/austin",
        "us/tx/bandera",
        "us/tx/bastrop",
        "us/tx/bexar",
        "us/tx/brazoria",
        "us/tx/brazos",
        "us/tx/burleson",
        "us/tx/camp",
        "us/tx/capcog",
        "us/tx/carson",
        "us/tx/city_of_abilene",
        "us/tx/city_of_amarillo",
        "us/tx/city_of_austin",
        "us/tx/city_of_beaumont",
        "us/tx/city_of_buda",
        "us/tx/city_of_carrollton",
        "us/tx/city_of_cedar_park",
        "us/tx/city_of_colleyville",
        "us/tx/city_of_dalhart",
        "us/tx/city_of_denison",
        "us/tx/city_of_denton",
        "us/tx/city_of_flower_mound",
        "us/tx/city_of_garland",
        "us/tx/city_of_hurst",
        "us/tx/city_of_killeen",
        "us/tx/city_of_lewisville",
        "us/tx/city_of_longview",
        "us/tx/city_of_mansfield",
        "us/tx/city_of_mckinney",
        "us/tx/city_of_palestine",
        "us/tx/city_of_pearland",
        "us/tx/city_of_pflugerville",
        "us/tx/city_of_sherman",
        "us/tx/city_of_southlake",
        "us/tx/city_of_sugar_land",
        "us/tx/city_of_temple",
        "us/tx/city_of_university_park",
        "us/tx/city_of_waco",
        "us/tx/colleyville",
        "us/tx/colorado",
        "us/tx/comal",
        "us/tx/comanche",
        "us/tx/coryell",
        "us/tx/dallam",
        "us/tx/dallas",
        "us/tx/delta",
        "us/tx/denton",
        "us/tx/desoto",
        "us/tx/dimmit",
        "us/tx/duval",
        "us/tx/ector",
        "us/tx/el_paso",
        "us/tx/ellis",
        "us/tx/fannin",
        "us/tx/fayette",
        "us/tx/fisher",
        "us/tx/freestone",
        "us/tx/gaines",
        "us/tx/galveston",
        "us/tx/gillespie",
        "us/tx/gray",
        "us/tx/greater_houston",
        "us/tx/grimes",
        "us/tx/guadalupe",
        "us/tx/hansford",
        "us/tx/hartley",
        "us/tx/hays",
        "us/tx/hidalgo_county",
        "us/tx/houston",
        "us/tx/howard",
        "us/tx/hunt",
        "us/tx/hurst",
        "us/tx/johnson",
        "us/tx/kaufman",
        "us/tx/kendall",
        "us/tx/kerr",
        "us/tx/lamar",
        "us/tx/lasalle",
        "us/tx/lee",
        "us/tx/libery",
        "us/tx/liveoak",
        "us/tx/llano",
        "us/tx/lubbock",
        "us/tx/madison",
        "us/tx/maverick",
        "us/tx/mcculloch",
        "us/tx/mcmullen",
        "us/tx/medina",
        "us/tx/midland",
        "us/tx/milam",
        "us/tx/mills",
        "us/tx/montgomery",
        "us/tx/moore",
        "us/tx/nacogdoches",
        "us/tx/new_braunfels",
        "us/tx/nolan",
        "us/tx/north_richland_hills",
        "us/tx/ochiltree",
        "us/tx/orange",
        "us/tx/parmer",
        "us/tx/plano",
        "us/tx/rains",
        "us/tx/reeves",
        "us/tx/rockwall",
        "us/tx/round_rock",
        "us/tx/runnels",
        "us/tx/san_antonio",
        "us/tx/schleicher",
        "us/tx/shackelford",
        "us/tx/statewide-partial",
        "us/tx/tarrant-county",
        "us/tx/texoma-counties",
        "us/tx/titus",
        "us/tx/trinity",
        "us/tx/uvalde",
        "us/tx/vanzandt",
        "us/tx/waco",
        "us/tx/walker",
        "us/tx/washington",
        "us/tx/wharton",
        "us/tx/williamson",
        "us/tx/wilson",
        "us/tx/wood",
        "us/tx/young",
        "us/tx/zavala",
        "us/ut/city_of_provo",
        "us/ut/duchesne",
        "us/ut/statewide",
        "us/ut/washington",
        "us/va/accomack",
        "us/va/albemarle",
        "us/va/alleghany",
        "us/va/amelia",
        "us/va/amherst",
        "us/va/appomattox",
        "us/va/arlington",
        "us/va/bedford",
        "us/va/campbell",
        "us/va/city_of_alexandria",
        "us/va/city_of_charlottesville",
        "us/va/city_of_chesapeake",
        "us/va/city_of_emporia",
        "us/va/city_of_falls_church",
        "us/va/city_of_lexington",
        "us/va/city_of_lynchburg",
        "us/va/city_of_norfolk",
        "us/va/city_of_norton",
        "us/va/city_of_petersburg",
        "us/va/city_of_radford",
        "us/va/city_of_richmond",
        "us/va/city_of_rural_retreat",
        "us/va/city_of_salem",
        "us/va/city_of_staunton",
        "us/va/city_of_williamsburg",
        "us/va/city_of_winchester",
        "us/va/clarke",
        "us/va/essex",
        "us/va/fairfax",
        "us/va/fauquier",
        "us/va/fluvanna",
        "us/va/franklin",
        "us/va/giles",
        "us/va/grayson",
        "us/va/greene",
        "us/va/halifax",
        "us/va/henrico",
        "us/va/highland",
        "us/va/isle_of_wight",
        "us/va/james_city",
        "us/va/king_and_queen",
        "us/va/loudoun",
        "us/va/louisa",
        "us/va/lunenburg",
        "us/va/madison",
        "us/va/middlesex",
        "us/va/nelson",
        "us/va/new_kent",
        "us/va/nottoway",
        "us/va/orange",
        "us/va/prince_william",
        "us/va/roanoke",
        "us/va/rockbridge",
        "us/va/shenandoah",
        "us/va/smyth",
        "us/va/spotsylvania",
        "us/va/stafford",
        "us/va/statewide",
        "us/va/town_of_blacksburg",
        "us/va/virginia_beach",
        "us/va/warren",
        "us/va/warrenton",
        "us/va/wise",
        "us/vt/city_of_burlington",
        "us/vt/statewide",
        "us/wa/asotin",
        "us/wa/bellingham",
        "us/wa/benton",
        "us/wa/chelan",
        "us/wa/city_of_bellevue",
        "us/wa/city_of_richland",
        "us/wa/city_of_spokane",
        "us/wa/city_of_tacoma",
        "us/wa/city_of_yakima",
        "us/wa/clallam",
        "us/wa/clark",
        "us/wa/cowlitz",
        "us/wa/douglas",
        "us/wa/ferry",
        "us/wa/franklin",
        "us/wa/garfield",
        "us/wa/grant",
        "us/wa/island",
        "us/wa/jefferson",
        "us/wa/king",
        "us/wa/kitsap",
        "us/wa/kittitas",
        "us/wa/lewis",
        "us/wa/mason",
        "us/wa/okanogan",
        "us/wa/pacific",
        "us/wa/pend_oreille",
        "us/wa/pierce",
        "us/wa/san_juan",
        "us/wa/skagit",
        "us/wa/snohomish",
        "us/wa/snohomish_county",
        "us/wa/spokane",
        "us/wa/thurston",
        "us/wa/walla_walla",
        "us/wi/adams",
        "us/wi/bayfield",
        "us/wi/brown",
        "us/wi/burnett",
        "us/wi/calumet",
        "us/wi/city_of_arena",
        "us/wi/city_of_milwaukee",
        "us/wi/city_of_shorewood",
        "us/wi/city_of_west_bend",
        "us/wi/columbia",
        "us/wi/crawford",
        "us/wi/dane",
        "us/wi/dodge",
        "us/wi/douglas",
        "us/wi/dunn",
        "us/wi/eau_claire",
        "us/wi/fond_du_lac",
        "us/wi/green",
        "us/wi/green_lake",
        "us/wi/iron",
        "us/wi/jefferson",
        "us/wi/juneau",
        "us/wi/kenosha",
        "us/wi/kewaunee",
        "us/wi/la_crosse",
        "us/wi/lincoln",
        "us/wi/manitowoc",
        "us/wi/marathon",
        "us/wi/milwaukee",
        "us/wi/oneida",
        "us/wi/outagamie",
        "us/wi/pierce",
        "us/wi/portage",
        "us/wi/richland",
        "us/wi/rock",
        "us/wi/sauk",
        "us/wi/st_croix",
        "us/wi/statewide",
        "us/wi/trempealeau",
        "us/wi/vernon",
        "us/wi/vilas",
        "us/wi/walworth",
        "us/wi/waukesha",
        "us/wi/waupaca",
        "us/wi/waushara",
        "us/wi/wood",
        "us/wv/hancock",
        "us/wv/harrison",
        "us/wv/jefferson",
        "us/wv/preston",
        "us/wv/raleigh",
        "us/wv/statewide",
        "us/wy/albany",
        "us/wy/campbell",
        "us/wy/carbon",
        "us/wy/city_of_gillette",
        "us/wy/city_of_sundance",
        "us/wy/city_of_wright",
        "us/wy/converse",
        "us/wy/crook",
        "us/wy/fremont",
        "us/wy/goshen",
        "us/wy/hot_springs",
        "us/wy/laramie",
        "us/wy/lincoln",
        "us/wy/natrona",
        "us/wy/park",
        "us/wy/statewide",
        "us/wy/sublette",
        "us/wy/teton",
        "us/or/portland_metro",
        "us/or/city_of_salem"
      ]
    },
    "polyline": {
      "datapath": "/data/polylines",
      "files": [
        "extract.0sv"
      ]
    },
    "whosonfirst": {
      "datapath": "/data/whosonfirst",
      "importPostalcodes": true,
      "countryCode": [
        "AI",
        "AG",
        "AW",
        "BS",
        "BB",
        "BZ",
        "BM",
        "BQ",
        "BO",
        "VG",
        "KY",
        "CA",
        "CR",
        "CU",
        "CW",
        "DM",
        "DO",
        "SV",
        "GD",
        "GL",
        "GT",
        "HT",
        "HN",
        "JM",
        "MQ",
        "MS",
        "NI",
        "VE",
        "PA",
        "PR",
        "BL",
        "KN",
        "LC",
        "PM",
        "VC",
        "SX",
        "MF",
        "MX",
        "TT",
        "TC",
        "US",
        "VI"
      ],
      "importPlace": [
        "85688513",
        "85688623"
      ]
    },
    "interpolation": {
      "download": {
        "tiger": {
          "datapath": "/data/tiger",
          "states": [
            {
              "state_code": 41,
              "county_code": 67,
              "name": "Washington County, OR"
            }
          ]
        }
      }
    }
  }
}